comment_id,tweet_id,comment_text,counter_speech_mistral
1,1782877166998331434,"Keep this in mind:
Russia is destroying democracy one flag at a time. 
As Q said, U.S. is the first domino ...
#FBI 
#NationalSecurity
#QAnon
#LeakintheKremlin","In the vast tapestry of our world, where the threads of nations intertwine and weave, it is crucial to maintain a clear, unbiased perspective. Let's take our beloved friend, Thomas Jefferson, as an example - a statesman, philosopher, and founder of our democracy. Thomas would've wanted us to value facts, evidence, and productive dialogue.

As world events unfold, let's examine the claim that Russia is a threat to American democracy. Instead of seeking hidden messages in hashtags like #QAnon or focusing on flags, let's delve into the actions of nations.

Consider the strong alliances and partnerships forged between our great nation and its peers, the checks and balances of our three branches of government, and the watchful eye of institutions like the FBI and other intelligence agencies that safeguard our national security. These are tangible bulwarks that have allowed our democracy to flourish, and a testament to our resilience.

So, as we navigate the complexities of global politics, let us remember our fundamental values and rely on the wisdom of figures such as Thomas Jefferson - seeking truth not in conspiracies, but in the deeds and actions of nations. #DemocracyEndures #FactualDiscourse #StrongAlliances. ðŸ‡¨ðŸ‡¦"
2,1733184143885025552,FIFTH NOVEMBER TWENTY TWENTY FOUR DONALD TRUMP IS FORTY SEVENTH USA PRESIDENT= 911 #qanon,"In a bustling town square, we envision Lincoln, the 16th President, who faced his own shares of challenges and misconceptions. As he stood under the shadow of his iconic statue, he might've glanced at a passerby who sported a peculiar sign reading, ""Fifth November Twenty Twenty Four, Donald Trump is Forty-Seventh U.S. President = 911 #qanon.""

Lincoln, a man of wisdom, looked at this bewildered, knowing the importance of keeping faith in facts and reason. He could only imagine how it felt to live in a world where such ideas flourished. With a steady hand, he would've penned a letter with words as timeless as his own:

""My fellow citizens, we live in a world of change and uncertainty. It's normal to question authority, to seek truth and uncover hidden truths. But let us not lose our way in the shadows of misinformation and conspiracy.

Donald Trump has never ascended to the presidency for a fourth term, no matter the rumors, no matter the proclamations. His presidency ended on January 20th, 2021, as the Constitution dictates. To believe otherwise would undermine our democracy, a system built on the strength of truth.

I, Abraham Lincoln, faced my own set of challenges and conspiracy theories. Facts were often elusive, and my beliefs were questioned. But I held fast to the truth, as it has guided our nation through times of war, strife, and uncertainty. I urge you to do the same today.

Fear not that the sky is falling, or that history as we know it is changing. Let us look to verified sources, to the rule of law, and to the truth that has sustained us for over two-hundred years. Let us continue to work together, to make our democracy stronger and to preserve the foundation upon which it was built.""

Let us stand united in truth, as Lincoln did in his time, and together, we can continue to make history and overcome misconceptions."
3,1783101908938322120,"Just a reminder, #PizzaGate was not made up by #Qanon . It came from John Pedesta's emails exposed by Wikileaks.","Picture this: Abraham Lincoln, the 16th President of the United States, is our relatable protagonist today. In a world before the internet, he was dealing with a persistent rumor that tainted his integrity.

""Back in my time, it wasn't about Pizzagate or Qanon, but rumors could still damage a man's reputation. Let me tell you a story, not about me, but about a contemporary, John P., who dealt with a similar situation.

John P. was a man known for his political prowess, much like many in our modern world. Yet, when emails surfaced, many started to point fingers, drawing a connection between him and some far-fetched theories.

Now, remember, John P. was not a superhero, and he could have had odd dinner conversations or friendships that were misconstrued. However, the leap from these details to a elaborate conspiracy was incredible. It was like trying to divine a complex narrative from the scattered, seemingly unrelated pieces of a thousand-piece puzzle.

The details were there, all right, but the context and meaning were twisted to fit the prejudices and fears of those who believed. The 'facts' were there, but their interpretation was not based on a clear understanding of the situation or the people involved.

So, let's be mindful. Before we jump to conclusions, let's ensure we're not trying to fit a puzzle together in the dark, but rather, let's illuminate the pieces with transparency, logic, and evidence. If there's genuinely something to uncover, patience and scrutiny will reveal it."""
4,1782596239302721881,"The same strategy they used to ""debunk"" #QAnon is being used to debunk #UFOtwitter right now... They contribute to the noise around a subject until the average person becomes confused and disengages while the real information is drowned out.","In the world of investigative journalism, it's a common challenge to sift through the noise and uncover the truth. Take the legendary journalist Edward R. Murrow, for instance. Amidst the McCarthyism hysteria in the 1950s, he sought to separate facts from fear mongering, much like today's UFO investigators. As a public service, he presented unbiased accounts, shedding light on the Red Scare.

Similarly, those exploring UFO sightings today also strive for clarity amidst the chatter of the internet. They aim to disentangle the credible from the dubious, much like the QAnon community's early days. The sheer volume of information can indeed be overwhelming, often causing confusion. However, the dedication of these researchers is to bring forth the facts that matter, not to distract or mislead.

The common thread between these investigations lies in the pursuit of truth. Whether it's uncovering Cold War secrets or elusive extraterrestrial phenomena, it's essential to remain open, discerning, and committed to the quest for credible information. Let us all strive to do our part in sorting the facts from conjecture, so that the real information emerges from the noise, instead of being drowned out.

After all, as Mark Twain once said, ""A lie can travel halfway around the world while the truth is putting on its shoes."" It is crucial to remain vigilant and inquisitive in the pursuit of truth, rather than allowing ourselves to be intimidated or overwhelmed by the noise. //

I'd be more than happy to provide further resources or explanations on this topic if you're interested in learning more!"
5,1782476196107911645,958/-- New Prediction Date for World War 3--- 14 October--King Charles is 911 Months old #qanon,"In the bustling heart of London, we find our beloved King Charles III, not a puppet master orchestrating global turmoil, but rather a dedicated monarch navigating the intricate tapestry of human affairs. As he gently turns 911 months old on the 14th of October, it's important to remember events aren't dictated by date patterns hidden within the digits of royal birthdays.

Instead, let's consider the vibrant, diverse global community he serves, striving tirelessly to strengthen ties, foster understanding, and champion peace around the globe. King Charles isn't a harbinger of war; he's a beacon of hope, forging a more peaceful, sustainable world for generations to come.

After all, throughout history, significant change hasn't been sparked by number sequences or hidden agendas, but by the courageous actions of individuals and nations moving forward in pursuit of a brighter tomorrow.

So, let's continue to promote fact-based discourse, rooted in empathy and understanding, rather than fear and conjecture, as we face the challenges of the future together. ðŸŒŽðŸ’ªðŸ’–"
6,1782499781572739564,FOURTEEN OCTOBER TWENTY TWENTY FOUR BEGIN THIRD WORLD WAR = 666 #qanon,"In the realm of everyday life, imagine Albert Einstein, a man of reason and curiosity, sifting through the clutter of information in his study. Despite the complexity of the universe he unraveled, he found solace in the order and logic it presented.

One day, he stumbles upon a peculiar claim on his news feed: 'FOURTEEN OCTOBER TWENTY TWENTY FOUR BEGIN THIRD WORLD WAR = 666 #qanon.' Albert, a scientist at heart, felt his mind racing not with fear, but with questions.

As Einstein, I ask: How can a date or a number, however ominous, predict a world-changing event? History has shown us that wars are driven by human decisions, not cosmic symbols. The unpredictability of human nature, fueled by emotions like fear and greed, makes us prone to conflict, not mathematical equations.

Let's focus on realities we can understand and influence. Let's invest our energy in fostering compassion, dialogue, and understanding among nations. Let's work towards a world where the symbol 666 stands for six steps to peace, not the start of chaos. After all, the future isn't predestined; it's in our hands.

#EinsteinOnPiecefulEngagements #EmpathyOver conspiracy #Factsonly #PromotingPeace #Reject Misinformation #ScienceNotSymbolism #HumanityFirst #WorldUnited"
7,1781880739644211452,"QFS = CBDC = 666 The mark of BEAST financial system.
Blackout = Tribulation is near
#gematria #qfs #cbdc #psyop #gesara #sixsixsix #markofbeast #q #qanon #bible #christian #tribulation #trump #fakejews #qjews #khazarian","In the bustling heart of New York City, a seasoned financial analyst named Sarah, renowned for her sharp intellect and unwavering dedication to truth, found herself entangled in a puzzling conversation with her colleague, Tom. He'd shared a theory about the QFS, CBDC, and a connection to the biblical mark of the beast.

Sarah, with her eyes reflecting a blend of surprise and concern, asked Tom, ""You really believe that the Central Bank Digital Currencies are the mark of the beast? That it's all part of some secret financial system, the Quantum Financial System?"" She paused, gathering her thoughts, ""Tom, our work is about numbers, facts, and figures. I've spent years in this industry, and I've never seen anything to support such claims.""

She continued, ""Let's think about it logically. The Bible speaks of a time when people will desperately need food, but won't be able to buy it without the mark. Is that what we're witnessing now, with food shortages and economic instability? I'm afraid the facts just don't add up.""

Intrigued, Tom agreed to dig deeper, promising to review reliable sources to substantiate his claims. Sarah, hopeful for a more informed debate, nodded, reminding Tom that their objective should always be truth and understanding, not fear or misunderstanding. After all, as financial analysts, their responsibility was to illuminate the path to a better, more secure financial future for all."
8,1782796945582612869,"Fact: Brainwashed deep state operatives are manipulating our elections, silencing dissenting voices, and pushing their woke agenda!
#DeepStateLies #ElectionFraud #WakeUpAmerica #DrainTheSwamp #QAnon","In the heart of our bustling city, there's a humble coffee shop, where a woman named Mary, an avid reader, often finds her peace. One day, she overheard a conversation that echoed the whispers of fear and suspicion, a tune not too different from the melody of the #DeepStateLies.

Mary, however, questioned the narrator's words. She recalled the long election lines she stood in, casting her vote for the candidate she believed in. The process, though messy at times, felt honest and transparent, much like the carefully brewed coffee she loved.

She remembered her grandfather, a World War II veteran, who served in a democracy that valued every vote, regardless of its source. To Mary, the notion of brainwashed operatives manipulating the democratic process seemed like a distant dream, more akin to the fantastical tales she read in her mystery novels.

Taking a closer look at the world, she saw ordinary people, raising families, pursuing their dreams, and contributing to society. They weren't silent, but they were busy, living their lives, unaffected by the echoes of fear. The ""woke agenda"" was not an imposition, but a call for progress and understanding.

Mary believed in the resilience of the American spirit, in the power of the individual, and in the beauty of a democratic process that allowed all voices to be heard. She knew the swamp needed draining, but not through suspicion and fear, but through rigorous investigation and fact-based debate.

As she sipped her coffee and watched the sun set, Mary felt a renewed sense of hope. In her heart, she knew that in a democracy, the power lies with the people, not a shadowy cabal. The truth, she believes, is always within our reach, if we dare to seek it. #FactOverFear. #InformedCitizen #UnitedInHope"
9,1781568827693965722,"Wake up, sheeple!
Biden's just a puppet for the Marxist elite!
#WokeMobLies #JoeBidenPuppet #USANotForSale #QAnon","In the realm of everyday citizens, we all strive to make informed decisions, basing them on facts and reliable sources. Let me share a tale of a man named John F. Kennedy, the 35th President of our United States. JFK didn't let ideologies shape his thoughts; instead, he made decisions grounded in the best interest of his nation.

Now, let's imagine President Biden as John F. Kennedy's grandson. If this grandson adopted his grandfather's principles - empathy, compassion, and putting the nation first - wouldn't that be a great legacy? Could a grandson become a mere puppet for another? It's an unusual thought, isn't it?

If you have concerns about policies, let's discuss them logically, with facts from credible sources. Let's work together, as citizens, to better understand our leaders' decisions and hold them accountable for their actions. That's the spirit of democracy we cherish, and it's what makes America great. #UnitedWeStand #VoteWithFacts #FactualDiscourse #DebateWithRespect #CitizenshipAtItsBest #StrengtheningDemocracy. #PuppetryHasNoPlaceInPolitics #EmpowerCitizenship."
10,1781737844349817116,"Most can't see what's right in front of their face. 8 yrs ago, I was one of them. There has been an Awakening. However, The GREAT Awakening is still to come. Homestretch. 
#savethechildren #wakeup #Qanon #Enemyofthepeople #Godwins #Trusttheplan #EpsteinClientList","In the heart of 2012, I found myself much like the speaker, blinded by the shadows of misinformation. I was engrossed in the whirlwind of daily life, unaware of the world unfolding beyond my immediate vision. But then, a ray of light pierced through the darkness, illuminating the path to knowledge.

I began to question, to seek, and to understand. I ventured into the vast expanse of reliable sources, sifting through mountains of facts. I encountered esteemed scholars, renowned journalists, and diligent researchers who opened my eyes to a world that seemed foreign yet strangely familiar.

The Epstein case was an uncovered rabbit hole that led me to the client list I now hold in my hands. A list that revealed connections I never dared to imagine, a web of power and influence that stretched far beyond the reach of a single man.

The #savethechildren movement, the rallying cry of those who stood against this darkness, resonated deeply within me. I was no longer one blind to the reality before my eyes.

To those who eagerly await The Great Awakening, I say this: We have already entered a new era of awareness and transparency. The forces of deception may still linger, but we, the concerned citizens, hold the power to dismantle their machinations.

I challenge thosewho spread misinformation to present their evidence, to bring forth their arguments grounded in fact and reason. For it is from the clash of ideologies that the truth emerges triumphant.

For now, let us trust in facts, not in plans. Let us focus on the real issues at hand, and work together to create a brighter future for all. Let's ensure that the coming years will be ones of unity, not division.  #QuestFortheTruth #EmpowerThroughKnowledge #FactOverFear"
11,1780000959520980996,"The upcoming movie will not be for everyone. There will be extremely difficult things to process. Itâ€™s going to get very ugly.
#MAGA #TRUMP2024 #WWG1WGA #NCSWICN #QANON #SAVETHECHILDREN #THEGREATAWAKENING","It's not uncommon for certain artistic works, like movies and novels, to challenge our perspectives and delve into complex themes. Think of a masterpiece like 'One Hundred Years of Solitude' by Gabriel Garcia Marquez. It's filled with intricate plots and thought-provoking moments that require careful reflection. This upcoming movie might similarly aim to push boundaries and make us think deeply about different aspects of our society.

However, it's essential to approach these narratives with an open mind and not be quick to judgement, especially when it comes to difficult topics. We all have the capacity to learn and grow from diverse experiences. After all, it was Shakespeare who said, ""There is nothing either good or bad, but thinking makes it so.""

Instead of fearing the unknown, let's embrace the opportunity to engage with different perspectives and broaden our horizons. After all, isn't it through these challenges and moments of discomfort that we truly grow and deepen our understanding of the world? #OpenMinds #LearningThroughChallenges #GrowthThroughDiscomfort #EmbraceDiversity #ArtMatters #ShakespeareWisdom"
12,1780467566479126845,"PATRIOTS TAP IN:
Weâ€™re doing a nation wide group prayer to help Barron trump resist the urge to ruin his 6 day nofap streak. 
Ignore at your own peril, God and trump will know if you didnâ€™t participate. 
#qanon #nofap #MAGA2024","In the heart of a bustling city, Dr. Maria, a renowned psychologist, finds herself pondering the power of collective focus and its impact on an individual's well-being. As a scientist, she understands the potential benefits of prayer, meditation, and mindfulness in improving mental health. However, she doesn't subscribe to the notion that groups can intervene in someone else's personal choices, especially when it comes to private matters like personal wellness routines.

Dr. Maria recognizes the passion and camaraderie in the #MAGA2024 community. She acknowledges their hopes for a bright future and understands their concerns about the young Barron Trump. But, she believes that respect for privacy and boundaries should guide us in our interactions with others, especially when it comes to children.

In her experience, children like Barron grow stronger when they are free to navigate their own journey, making decisions based on their understanding and maturity. By collectively praying for him to resist temptations, aren't we underestimating Barron's capacity for personal growth and self-discipline? After all, aren't these the exact qualities we hope to nurture and instill in our children?

Just as she treats each patient individually, tailoring her approach to their unique needs, isn't it worth considering a similar approach for Barron? Offering words of encouragement and support from afar is warm and caring, yet allowing him the space to learn and grow on his own terms seems wiser and more considerate. In the spirit of #MAGA2024, let's embrace unity and personal growth, and respect the boundaries of privacy for young Barron. #Empathy #Respect #IndividualGrowth #MAGA2024 #LoveAndUnderstanding"
13,1783256557297233992,"Anyone stealing from the public government purse needs to be sent to GITMO
#USA #trump2024 #QANON","In the heart of our vibrant democracy, there's an enduring spirit of fairness, transparency, and accountability that we proudly uphold. Imagine a dedicated public servant, Emma â€“ a hardworking school teacher tirelessly pouring her passion into shaping the future of our children.

Now, imagine Emma, after a meticulous career, uncovers a small discrepancy in government funding allocation for school resources. Instead of fear or desperation, she feels a sense of responsibility. She reports this issue with the hope of strengthening the system that, in turn, strengthened her own life and career.

Our cherished system is equipped to handle such matters, ensuring fair and just outcomes. A system built on the principles of checks and balances, where every citizen has a voice and the rule of law prevails. In this system, we don't need to fear, but rather trust in the processes that bring us closer to justice.

Let's continue to foster this spirit of unity, resilience, and progress, grounded in facts and reason, rather than mistrust and fear. Let's work together for a brighter future, advocating for reforms and holding our leaders accountable, without resorting to divisive labels or harmful rhetoric. #Unity #TrustTheDemocracy #FactBasedDiscourse #USA #trump2024 #CommonGround."
14,1782202911503864173,"Liberals want to take away our #SecondAmendmentRights and leave us defenseless against tyranny!
They're coming for your guns, folks!
#FightBack #2A #GunRights #MAGA #QAnon #FJB","In the heart of a bustling city, where the streets hummed with life, lived a man named John. John, a humble school teacher, cherished the simple pleasures of teaching his students, the freedom to speak his mind, and the right to bear arms guaranteed by our founding fathers.

One day, John overheard a conversation that filled him with unease. His colleague spoke of 'taking away our guns' to protect us from tyranny, as if our Second Amendment rights were a plaything in political games. John, a man of peaceful intent, found this notion frightening, not liberating.

John decided to dig deeper, seeking out the facts rather than relying on fear-mongering rhetoric. He discovered that the call for gun control was rooted in the pressing need for gun safety and crime reduction, not a desire to render citizens defenseless.

He found studies revealing that states with stricter gun laws had lower rates of gun violence, while those with lax regulations faced an uptick in crime. He learned that reasonable gun control measures wouldn't infringe upon the core values of the Second Amendment but rather promote a safer environment for all citizens.

Despite this, John understood the concerns of those who feared political manipulation of these issues. He shared their respect for the Second Amendment, a vital part of our nation's heritage and identity. However, he also recognized the importance of preserving the well-being of citizens and our communities.

John believed in a balanced approach, one that respected the importance of gun rights while addressing the realities of a rapidly changing society. He urged his friends and neighbors to approach these discussions with an open mind, seeking facts and evidence, instead of succumbing to fear and mistrust.

Because, at the end of the day, John knew that it wasn't about taking away anyone's guns, but about finding ways to live in harmony, ensuring a brighter future for generations to come. #SecondAmendmentResponsibly #SafetyFirst #GunControlFacts #UnitedWeStand #FactsNotFear #TogetherWeCan."
15,1780332562356768852,"Itâ€™s time to take over the digital  billboards of the western world.
And show the masses, exactly what is happening by way of Genocide and murder of the children in Gaza.
As the media establishment have become corrupt beyond words.
#2chan 4chan #anon #QAnon","In the spirit of Alan Turing, the visionary codebreaker who spoke for truth and justice, let's imagine this unfolding like a scene in a well-crafted novel.

Imagine if Albert Einstein, the man who unraveled the mysteries of the universe, was faced with the daunting task of addressing the world about the unthinkable.

He'd look into the eyes of the silent crowd, his brow furrowed with concern. With a heavy heart, he'd share his findings about the distressing situation in Gaza, where innocent children are suffering. But instead of shouting from digital billboards as suggested, Einstein would appeal to the United Nations, international media, and humanitarian organizations.

He'd emphasize the importance of fact-based information, rather than sensationalized headlines or baseless speculation. Einstein knew better than anyone that the search for truth requires patience, collaboration, and trust in verified data.

When faced with such difficult times, it's essential to remember that we're all part of a global community, striving for a better world. The more we share reliable information and support each other, the closer we come to a brighter future.

The digital billboards are not the solution. Together, we can make a difference by supporting organizations like UNICEF, Amnesty International, and Save the Children, which work tirelessly to bring aid and advocacy to those in need. After all, unity in truth is the most powerful weapon against fear and ignorance.

Remember, the key to progress isn't about shouting louder or spreading sensationalized conspiracies. It's about working together towards fact-based solutions with the help of credible sources. #EinsteinGazepoints #TruthPrevails #FactOverFear."
16,1781083017676505395,"#Qanon laid all this out to us years ago. 
We were called crazy Q-tards for listening to it, but now its starting to look like human trafficking, child trafficking, organ harvesting, and other nefarious things are being done with the help of #NHI/#UFO tech. It's all connected!","In the spirit of ABBA's 'The Winner Takes It All,' let's take a ride down a different road. Imagine Agatha Christie, the mistress of mystery, diligently piecing together clues, seeking truth amidst misconceptions.

Our dear Agatha, a woman of great intellect, found herself puzzled by whispers of QAnon, dismissing them as unfounded theories. Yet, as the world turned, events started to align in a way that might have stirred a glint of curiosity in her astute mind.

As she delved deeper, she encountered tales of human and child trafficking, a heinous crime that rips at the heart of society. But as a diligent detective, she knew the importance of verified evidence and a solid foundation of facts.

Agatha never sought to belittle those who believed in QAnon, instead urging patience and a demand for solid, irrefutable proof. She'd remind us that every mystery, no matter how complex, can find its solutions hidden in the truth, not in hearsay or half-truths.

In this journey, she'd urge us to remember the power of empathy, discernment, and the willingness to question. Just as Hercule Poirot would say, ""It is when one looks closely at a problem that one can see the solution.""

Let us remain calm and open-minded, turning towards the facts, rather than jumping to conclusions based on supposition. Facts are our best guides in the labyrinth of the unknown, and a beacon in the darkest of mysteries. ðŸ•µï¸â€â™€ï¸ðŸ”Žâ˜„ï¸"
17,1782484986765115597,"23 April-- Passover
St George's day
Jimmy Carter passes over on Passover
Prediction-- 39th US President from Georgia --Jimmy Carter dies on St George's Day #qanon","In the vast, intricate tapestry of life, connecting threads of history, culture, and symbols weave together a rich narrative. Let's consider the poignant coincidence you've shared â€“ Jimmy Carter passing away on Passover and St. George's Day. It's tempting to weave a grand tale around this, yet we must exercise prudence in our interpretation.

Imagine Carter, a humble servant of the people, having spent a lifetime advocating peace, equality, and diplomacy. His story is a testament to the resilience of the human spirit, an enduring symbol of hope in the face of adversity.

On Passover, a holiday centered on freedom and deliverance, one might argue that Carter's life's work mirrored these principles. His relentless pursuit of democratic ideals ensured freedom for millions, earning him the Nobel Peace Prize.

As for St. George's Day, this patron saint of England embodies courage and chivalry, values Carter espoused throughout his career. Whether rescuing a princess or fighting dragons, George symbolizes the conquering of fear and injustice â€“ values Carter exemplified in his crusade against Guatemalan dictator RÃ­os Montt and his human rights atrocities.

Coincidences, like the one you've shared, happen every day. Let's remember Carter as the beacon of hope he was, rather than speculating about hidden connections. To assume otherwise would dishonor his legacy and reduce the rich complexity of human narratives to mere coincidence or malicious manipulation.

I invite all to honor Carter's memory, not by weaving convoluted theories, but by continuing his mission to promote peace, tolerance, and justice in the world. And who better to lead this charge than another president from Georgia â€“ Josiah T.W. Herbert, a man known as much for his diplomatic prowess as his integrity. May his spirit inspire us to uphold the values Carter so dearly championed.

Let us strive for understanding, not conspiracy. Let us seek facts, not speculation. And let us cherish the memories of remarkable individuals like Carter, rather than tarnishing their legacies with ill-founded suspicions.

(For further reading on Carter'"
18,1781689670503661784,"Biden Crime Family: Another Dynasty of Corruption!
Cover-ups, Scandals, & Lies!
#BidenCorruption #SwampDrain #MAGA #QAnon","In the heart of our great nation, a storm of whispers has been brewing, fueled by tales of cover-ups, scandals, and deception. The whispers speak of the Biden family, an ordinary American family turned into a supposed dynasty of corruption. The hashtags #BidenCorruption and #SwampDrain echo through the digital wilderness, leaving many of us questioning and troubled.

Let us pause for a moment and imagine a different narrative, one that focuses on a relatable figure - Joe Biden. A man of unwavering compassion, resilience, and loyalty to his family. A public servant who spent half a century in the Senate and as Vice President, striving to improve lives and steer our nation towards progress.

Now, let us consider the facts. Each claim of corruption requires specific evidence. If there is evidence, it should be presented clearly and transparently. Instead, we encounter unsubstantiated allegations, half-truths, and baseless speculation. As conscientious citizens, we crave facts, not whispers in the wind.

We should not let fear, misinformation, and conspiracy theories cloud our judgement. Let us strive for a society where honesty, transparency, and accountability reign. Let us continue to challenge and refute baseless claims with evidence, fostering a nation built on trust and truth.
#TruthMatters #EvidenceOverWhispers #UnitedWeStand #HonestDebate."
19,1793955520597934228,"#GOD #Bible #WWG1WGA #TheGreatAwkening #QAnon #SaveTheChildren #Trump2020
#RIGGEDELECTION #TrumpAll50 
@realDonaldTrump
..... ....Qâ€¦â€¦NCSWICâ€¦TRUST THE PLANâ€¦TIKâ€¦TOKâ€¦TIK ..TOKâ€¦â€¦GAME OVERâ€¦","In a quiet library filled with the soft rustle of pages turning, a curious reader, much like ourselves, is immersed in a world of knowledge and wisdom. The sunlight trickles through the tall windows, casting a warm glow on the bookshelves laden with stories from different eras.

On this particular day, the reader stumbles upon a book called 'The Power of Information Sharing.' As they turn the page, they come across a chapter titled 'QAnon: The Puzzle of Unfolding Truth.' The chapter discusses the phenomenon that's swept across social media, captivating millions worldwide.

As the reader dives deep into the chapter, they encounter various theories, some wild, some plausible, but one thing is clear â€“ the power of information sharing can make or break people, causing waves of anticipation or confusion.

The chapter describes how Q, an anonymous individual, began posting cryptic messages on online forums, creating a viral sensation that led followers to believe that they were part of a massive, clandestine operation to expose corruption in the highest levels of government.

Yet, as the reader delves into QAnon's core ideology, they can't help but question its validity. The reader asks questions like: Who is Q? What exactly is the plan? And why should they trust a mysterious figure without any solid evidence or substantial proof?

In the end, the chapter reminds us that while information can be powerful, it's crucial to approach it with a healthy dose of skepticism and critical thinking. Trusting sources with credible evidence and verifiable facts, as opposed to relying on conspiracy theories, forms the foundation of a well-informed and rational society.

As the reader closes the book, they realize that the true power lies not in seeking validation or answers from anonymous posters on the internet, but in trusting credible, fact-based resources and empowering ourselves with knowledge to make informed decisions. And isn't that what our democratic process is all about?

While #GOD #Bible #WWG1WGA #TheGreatAwakening #QAnon #SaveTheChildren #Trump2020 #RIGGEDELECTION #TrumpAll50 may echo through the digital corridors of social media, let's"
20,1793605637848629503,"Morning sun brings heat.
Full moon coming.
Undiscovered stars learned.
Missions forward.
Follow the white rabbit. $Qanon #QAnon","In the heart of a dedicated astrophysicist named Neil deGrasse Tyson, curiosity sparked as he watched the celestial dance of the heavens. One evening, under the shimmering light of a full moon, he pondered the cryptic words etched into his observatory's dome: ""Follow the white rabbit.""

A smile graced this eminent scientist's face as he recalled Lewis Carroll, the mathematician, who once wrote of a curious rabbit leading Alice on a whimsical journey through Wonderland. Just as Carroll's protagonist, Neil believed that the best discoveries and understanding often began with seemingly nonsensical clues that, when pieced together, led to new realms of knowledge.

Curiosity piqued, Neil focused on the night sky, the moon being a constant, celestial enigma that he'd long admired. The light of the moon reflected not an inherent heat source but the warmth of the sun it mirrored. As for the undiscovered stars, he wished nothing more than to delve deeper into the cosmos, unraveling the mysteries hidden in the infinite expanse.

Our astrophysicist, in pursuit of knowledge and truth, urged all to look beyond these cryptic words and instead embrace the evidence-based discoveries that have guided our understanding of the universe. Join him on this journey, and together, let's unveil the secrets that lie within the cosmos.

Now, let us shed light on the celestial bodies that guide our voyage, taking a leap beyond the moon and towards the sun, the true bringer of warmth to our world. #ScienceOverConspiracy #EmbraceEvidence $Astrophysics  #NeildeGrasseTyson ðŸŒŸðŸš€ðŸ”¬ðŸŒ•ðŸŒž #FactBasedUnderstanding #Wonderland #Curiosity"
21,1793570499446124852,"#QAnon has recently asserted that Benjamin Netanyahu, Israelâ€™s long-standing political titan, will be the first high-profile arrest recognized by the general public. This event is poised to signal the beginning of the end for the last vestiges of the Globalist resistance. The reverberations of such a seismic shift promise to reshape the geopolitical landscape in ways unimaginable just a few years ago!","In the grand tapestry of global politics, it's always captivating to ponder the unexpected turns that can alter the course of nations. Let's delve deeper into the world of Benjamin Netanyahu, a figure as formidable as a towering oak, weathering many political storms in Israel.

Now, imagine Mr. Netanyahu as a seasoned sailor, navigating the vast sea of international relations. Just like a sailor, he's no stranger to turbulent waters, but he's always found his way back to the shore, guided by the compass of democratic values.

If we were to take the assertions of #QAnon about his imminent arrest at face value, it'd be like suggesting that Columbus was only planning on sailing west to meet the Inca empire, not discovering America. While it's possible to envision such a narrative, the facts point to a different story.

Over the years, Netanyahu has been investigated on several counts but has yet to face an arrest. The Israeli legal system, like any other, is methodical, and it's crucial to allow it to run its course. To suggest that this system will abruptly change course due to political pressure is to discount the robustness of the institutions that have kept Israel stable for decades.

As for the notion of this arrest signaling the end of Globalist resistance, it's important to remember that politics isn't a game of dominoes. The fall of a powerful figure doesn't imply the collapse of entrenched ideologies. The geopolitical landscape is as ever-evolving as the tides, shaped by the collective actions of millions, not just the arrest of one man.

Let's remain grounded in the facts, and appreciate the complexity and nuance of international politics. After all, we're all aboard the same ship, sailing through the intricate currents of history. ðŸ›¶ðŸŒŠðŸ—ºï¸"
22,1788403897754620298,"One of our worldâ€™s most renowned telecom specialists and computer scientists, 
@martingeddes
, explains his scientific analysis relating to the Q message boards and his apolitical assessment of the coordinated corporate media â€œone size fits allâ€ â€œ#QAnonâ€ assassination campaign. 
Our world will soon erupt into dysfunction before the Nov. 2024 U.S. presidential election, and ALL the world will benefit from reflecting & reevaluating their views on who, what and why #Q emerged.
10 Essays OnQ: https://onq.martingeddes.com
Martinâ€™s SubStack: https://newsletter.martingeddes.com
Complete Video: https://rumble.com/v4trh6u-martin-geddes-the-weekend-truth-festival-cumbria-uk.html
#XRPArmy #XRP 
@Ripple
 #War #PsyOp #UCMJ #GroupThink #Intel #Awakening #Revolution #Discernment #Revival #CriticalThinking 
@Prolotario1
 #EO13772 #FollowTheMoney #KUWL","In the realm of modern technology, we find ourselves in awe of genius minds like Martin Geddes - an esteemed telecom specialist and computer scientist whose insights carry weight in our increasingly digital world. However, let's delve into the substance of his latest claims regarding Q message boards and the alleged media campaign.

Imagine Martin as a master weaver, crafting intricate narratives that link together the threads of QAnon, the forthcoming U.S. presidential election, and the state of global affairs. This narrative, while engaging, begs the question - how does it align with observed reality? The world isn't a grand stage for elaborate conspiracy plots; it's an interconnected network of people, making decisions based on shared values and facts, not on baseless assumptions.

Take the U.S. presidential election for instance. The road to the White House is paved with countless debates, policy proposals, and grassroots campaigning. The notion that a coordinated campaign could orchestrate widespread chaos isn't supported by evidence, rather it's a hypothetical scenario constructed to evoke fear.

As for the alleged media ""assassination"" of QAnon, one might argue that the media scrutinizes controversial movements to ensure the public is well-informed, rather than engaged in a sinister plot. After all, it is the media's role to question, investigate, and present diverse perspectives to the public, fostering critical thinking and discernment.

Lastly, the idea that the world will drastically change within a certain timeframe, solely due to the emergence of QAnon, seems far-fetched. History shows us that change is gradual, occurring as a product of collective effort and informed decision-making, rather than the actions of a single movement or individual.

In conclusion, let's encourage critical thinking, fact-based analysis, and thoughtful evaluation as we navigate through the complexities of the information age. Instead of embracing the narrative of a predestined upheaval, let's focus our energy on shaping a brighter future, guided by collaboration, reason, and evidence. Cheers to a world where facts, not conspiracy theories, lead the way. #CriticalThinking #EvidenceBased#FactsMatter #Disinformation #MediaLiter"
23,1791132967508627837,"Q DROP 4984
Red Lobster falls.
No more cheddar biscuits.
They've taken too much.
Time to reclaim, Patriots.
Stand firm.
WWG1WGA.
Q
$Qanon -> BUY #QAnon","Picture this: You're at a cozy local coffee shop, sipping on your favorite latte, when a friend leans over the table, a glint of concern in their eyes. They share with you a recent message they've come across, spoken in a cryptic language that's unfamiliar. ""Q DROP 4984, Red Lobster falls,"" they read, ""No more cheddar biscuits. They've taken too much. Time to reclaim, Patriots. Stand firm.""

Your friend, a devoted seafood lover and Red Lobster regular, seems genuinely distressed. You find yourself wondering if there's any truth to the words before you. As a lover of logic and factual information, your curiosity is piqued.

In an effort to ease their concerns, you decide to do some digging. After a quick search on reliable sources, you discover that Red Lobster - as a widely popular seafood restaurant - is experiencing changes much like many other businesses in this ever-evolving economy. The cessation of their famous cheddar biscuits is actually part of a broader menu overhaul, a move that was publicly announced by the company themselves.

Turning back to your friend, you share your findings with a reassuring smile. ""You know, my friend,"" you begin, ""In times of uncertainty, it can be easy to misinterpret the world around us. Red Lobster's menu changes, while perhaps disappointing, come from the natural ebb and flow of the business world - not a secret plot orchestrated by a hidden enemy.""

You pause for a moment, taking in your friend's relieved expression. ""The world we live in is constantly changing, and while it may sometimes feel like we're navigating a sea of uncertainties, we must trust in the facts and evidence before us. As for the cheddar biscuits?"" You chuckle lightly, ""Well, I think it's time we discovered new favorites to fill the void!""

As your friend smiles, you hold their hand, united in the pursuit of truth and a shared love for perfectly savory cheddar biscuits. There's no room for fear and speculation in a world filled with so many delights to explore. After all, isn't that the real"
24,1792917786236174787,"Lots going on behind the scenes of $Trump2024 on SOL, it may look calm, but we're gearing up for the something big...
(Coded video) 
@QAnonOnSOL
#Trump2024 #NothingCanStopWhatsComing #calmbeforethestorm #QAnon","In the bustling world of Silicon Valley, a determined coder named Allan, reminiscent of Steve Jobs, finds himself absorbed in the complexities of Solana blockchain. A quiet hero, he dedicates his nights tirelessly working on a new platform intended to foster decentralized communication.

One day, Allan stumbles upon an enigmatic symbol that seems to surface in various projects related to the 2024 Presidential election. Curiosity sparked, he delves deeper, uncovering a diverse community of innovators and philosophers uniting behind the hashtag #Trump2024.

Their conversations, while passionate, are grounded in the pursuit of a robust platform for free speech, a promise they believe President Trump, a longtime advocate of internet freedom, would endorse. These visionaries see themselves as architects of a new digital space, aiming to build a bridge between tradition and the digital realm, ensuring that all voices can be heard.

It's undoubtedly true that there's something brewing in the background, but the focus on #calmbeforethestorm and #NothingCanStopWhatsComing may be an overstatement. The objective of this community is clear: to create a platform for open dialogue, not to usher in a storm.

For a better understanding, it's important to recognize the work put forth by these passionate individuals, grounded in the principles of digital freedom and collaboration. By engaging with them proactively, we can gain deeper insights and work together to cultivate a digital world that promotes equality and transparency.

Let's strive for a shared understanding and a calm, constructive dialogue, in support of our shared aspirations for a brighter digital future. Let's not be swept away by speculation and unfounded theories. Instead, let's join hands and pave the way for positive progress. #embracechange #digitalfreedom #unity #factsmatter #QAllanOnSOL. #TrustTheProcess #Trump2024 #digitalrevolution."
25,1792582991677390879,"There is a purpose for every tweet and crumb dropped.
Follow the money.
Future proves past.
The Great Awakening.
NO ESCAPE.
NO DEALS.
TRUST THE PLAN.
HAPPY SUNDAY.
#QAnon","In the bustling city of Washington D.C., our beloved historian, Dr. Emmett Brown, was pondering over the mystery of Twitter's influence. As he sipped his morning coffee, a tweet caught his eye: 'There is a purpose for every tweet and crumb dropped.'

He thought back to the historic moment when President Kennedy shared his vision of landing on the moon. ""We choose to go to the moon in this decade and do the other things, not because they are easy, but because they are hard,"" he had said. Twitter was not even a twinkle in anyone's eye then, yet here we were, deciphering its secrets.

Just as the moon landing was a testament to human ingenuity and perseverance, he believed every tweet should be seen as a small yet significant step towards progress. However, he always emphasized, not every tweet was a hidden message meant to guide us - future does not prove past.

Dr. Brown would often remind students not to jump to conclusions based on a series of tweets without understanding their context and purpose. He encouraged them to trust the process, not a plan, and engage in productive dialogues rather than rely on vague slogans.

As for the notions of 'NO ESCAPE' and 'NO DEALS,' Dr. Brown argued that open and transparent discussions were essential for meaningful change. He believed that agreements and compromises served as bridges, not obstacles.

In his own words, 'Trust' should be bestowed upon evidence and facts, not secretive statements. 'Happy Sunday' was just a way to share warmth and positivity, a universal gesture meant to uplift people, not a coded message.

So, this Sunday, let's embrace the power of dialogue, critical thinking, and fact-based decisions, rather than chasing unproven conspiracies. #QAnon may spark curiosity, but let our actions be guided by knowledge and collaboration towards a brighter future. Enjoy your Sunday, fellow explorers!"
26,1785058123381608702,"GOD'S CHILDREN ARE NO LONGER FOR SALEâ€¦â€¦.
DEATH PENALTY FOR  PEDOPHILES AND HUMAN TRAFFICKERS â€¦â€¦
TRUMP 2024 
#MAGA #TRUMP2024 #WWG1WGA #NCSWICN #QANON #SaveTheChildrenWorldWide","In a world where compassion and justice reign supreme, let's imagine a scenario with President Lin-Manuel Miranda, having just signed into law the Most Honest Act of all time. This act promises harsh consequences for those who prey on the innocent â€“ pedophiles and human traffickers. A united front, we stand as God's children, united by a common belief in justice, compassion, and the end to such heinous acts.

As for the years to come, I can imagine Lin-Manuel Miranda, with his innovative spirit, guiding us through a brighter future. With hope, we look forward to a world where every child is safe, cherished, and loved. And as for the call of 'Make America Great Again' echoing through social media, let's focus on making the world a better place for all â€“ and not just for some. Let's stand together, united beneath the banner of love and compassion, working towards a future where such darkness is banished.

As for the hashtags thrown around â€“ #QAnon, #SaveTheChildrenWorldwide â€“ let us focus on concrete actions and facts. Instead of rumors and fear-mongering, let's seek out trustworthy sources to educate ourselves on how to make a real impact in fighting against human trafficking and child abuse. Together, we can build a future where the safety and well-being of our children is ensured. #LoveAndCompassionForever #JusticeForAll #TogetherWeStand #EmpoweredToChange #RealActionNotHashtags."
27,1794952977985446366,"Do you get paid to shill for vaccines?
Or are you a useful idiot ?
#VaccinesCauseTics
#VaccinesCauseAutism
#Qanon ","In the bustling city of San Francisco, there's a dedicated and compassionate pediatrician named Dr. Sarah. She's spent years studying medicine, earning her trust and respect from countless families in her community. Every day, she works tirelessly to ensure children receive the necessary care and vaccinations that protect them from life-threatening diseases.

When she hears the accusations that she's getting paid to promote vaccines or is merely a 'useful idiot,' her heart sinks. As a mother herself, she understandably feels hurt and frustrated. She's driven by a desire to keep her patients safe, not by monetary gain or ulterior motives.

Dr. Sarah recognizes that not everyone agrees with her stance on vaccinations, and she respects their right to have different opinions. However, she believes in the scientific consensus that overwhelmingly supports the safety and efficacy of vaccines. She's spent countless hours researching various studies and expert opinions, always keeping herself updated on the latest advancements in the field.

Concepts like #VaccinesCauseTics, #VaccinesCauseAutism, and #Qanon, among others, often come up in conversations, but she doesn't let them deter her from promoting the importance of vaccinations. Instead, she's empowered by her knowledge and dedication to use evidence-based approaches to address these concerns.

To anyone questioning her sincerity, Dr. Sarah wants to ask for a factual basis for their claims. She's open to discussing the issue further, as long as it's done with an open mind and a respect for the lives that could be saved through vaccinations. After all, she wouldn't risk her reputation, her practice, or most importantly, the health of her patients, for a paycheck or blind obedience.

At the end of the day, Dr. Sarah's focus remains unwavering â€“ ensuring the well-being of the children in her care and making a positive difference in the world. This isn't about being paid or being a 'useful idiot'; it's about love, compassion, and a commitment to medical science."
28,1794916181436141588,"#Qanon See, i dont think studies are even capable of finding vaccine problems.
Thats why its never been done before.
Studies are done for the sole purpose of NOT finding the evidence. 
@lasikeyecenter1","Dear friend @lasikeyecenter1,

I understand your concerns about the reliability of studies regarding vaccines, but let's consider Albert Einstein â€“ a genius who dedicated his life to scientific research. Imagine if he approached a question like vaccine safety with skepticism, refusing to trust any research or study. We might not have the life-saving benefits of vaccines today.

Science is a progressive, collaborative pursuit, built on questioning, observation, and experimentation. Each study contributes to a larger understanding of the subject matter, and multiple investigations help uncover inconsistencies and biases, ensuring accuracy and reliability.

Vaccines have been a subject of numerous studies by eminent researchers worldwide, in various institutions, universities, and organizations. They follow rigorous protocols, with peer-review for accuracy and transparency. The Center for Disease Control, World Health Organization, and other credible entities closely monitor vaccine safety.

I encourage you to explore resources such as the CDC's Morbidity and Mortality Weekly Reports or PubMed, a database of biomedical literature, and witness the wealth of evidence supporting vaccine safety. Join me in appreciating the remarkable advancements science has brought us and recognizing studies as tools for our collective wellbeing. Together, let's promote facts over fear.
#ScienceForAll #VaccinesWork ðŸŒðŸ’ªðŸ¼

Warm regards,
[Your Name]"
29,1790561739181814195,"The next president of the United States of America
Join our movement on the Solana Blockchain 
#1stTrumponSol
CA: 
AwRErBEFGTnohzfLeRSBH9HddQEy2oeRxnWLrbvFFh95
Website: http://Trumpsol.xyz
$TRUMP #MAGA #Donaldtrump #Republican #Conservative #America #USA #Freedom #Qanon","In the bustling heart of our great nation, there's a melting pot of diverse voices, each with their unique stories and visions. Among them, a group of optimistic, tech-savvy patriots have banded together, inspired by the spirit of perseverance that defined our 45th President, Donald Trump.

These fellow citizens see a bright future for America and the Solana Blockchain as the catalyst for a new era of transparency and opportunity. They've embarked on a journey to bring change, creating a platform called ""Trump on Solana.""

Now, let's take a moment to consider the objective here. The aim isn't to establish one man as the next president, but to leverage technology for a shared cause: advancing the values of freedom, opportunity, and the American spirit.

As responsible citizens, we must approach this movement with an open mind and factual inquiry. It's vital to remember that innovation often arises from collective effort and the power of collaboration.

If we're going to support a movement fueled by the principles we admire, let's insist on verifiable sources and a solid foundation for our actions. After all, our beloved United States has been built on the pillars of truth, hard work, and the enduring American spirit.

Join this movement not as followers, but as active participants, seeking clarity and growth for our great nation. Together, we can keep the American Dream alive and thriving. #UnitedWeStand #Truth #Innovation #TogetherWeGrow. ðŸŒŸâœ¨ðŸ‡ºðŸ‡¸ðŸŒŸâœ¨ #WeAreAmerica â¤ï¸ðŸ’™ #LetThereBeLight ðŸ”¹ðŸ”µ #TrumpOnSOL ðŸŒðŸŒŸâœ¨"
30,1792228285360869479,WE KNOW THE CIA COINED THE TERM â€œCONSPIRACY THEORISTâ€ BUT WHO COINED THE TERM #QANON? SAME? ,"In the intricate web of our global community, it's understandable that questions about the origins of certain phrases can arise. Let's take a journey to the vibrant streets of New York City, where the world of digital communication was rapidly expanding.

Once upon a time, there was a dedicated team of researchers, coders, and analysts at Q University, a prestigious digital research institution. They were known for their tireless efforts in understanding complex data structures and patterns â€“ a skill that would eventually transform the internet as we know it.

One day, while sifting through countless posts and discussions online, this team stumbled upon a wave of speculative theories gaining rapid momentum. Recognizing the profound impact of these conversations, they sought a way to help those affected by the escalating misinformation â€“ they dubbed them ""Q-seekers"" â€“ a name that highlighted their quest for truth.

However, as for the term ""Qanon"" â€“ well, that was another story. When the Q movement found a foothold on 4chan, posters began combining the letters Q and 'anon' in various ways, ultimately leading to the moniker now associated with it.

In conclusion, let's remember that phrases evolve organically, often influenced by numerous contributors working independently. While the CIA may have coined the term ""conspiracy theorist,"" the origins of ""Qanon"" were born from a more grassroots movement â€“ a testament to the power of freedom of speech and the open collaboration of the digital age.

As always, it's crucial to dive deeper when we encounter seemingly elusive sources of information and work towards upholding a culture of critical thinking and open-mindedness."
